{"cameraMode":{"drawMode":0,"name":"Shaded","section":"Shading Mode"},"sceneLighting":true,"audioPlay":false,"sceneViewState":{"m_AlwaysRefresh":false,"showFog":true,"showSkybox":true,"showFlares":true,"showImageEffects":true,"showParticleSystems":true,"showVisualEffectGraphs":true,"m_FxEnabled":true},"in2DMode":false,"pivot":{"x":-5.2436370849609379,"y":15.942824363708496,"z":-35.243526458740237},"rotation":{"x":0.10322704911231995,"y":-0.0480855256319046,"z":0.005019798409193754,"w":0.9934781193733215},"size":1.102541208267212,"orthographic":false}